{
  "Name": "Chaff",
  "Inherits": "Mob",
  "Type": "Job",
  "Speed": 4,
  "Run": 2,
  "Dash": 4,
  "Defense": 6,
  "Attack": [ 1, 1, 1 ],
  "Armor": [ 0, 0, 0 ],
  "LightDamage": 2,
  "HeavyDamage": 2,
  "CriticalDamage": 2,
  "DamageType": "Either",
  "Actions": [
    {
      "Name": "Scrabble",
      "ActionCost": 2,
      "Tags": [ "melee attack" ],
      "Description": "Deal 1 damage as an effect. If an ally is adjacent to the target, make an attack, dealing damage on hit."
    }
  ]
}