{
  "Name": "Shortbow",
  "Inherits": "Skirmisher",
  "Type": "Job",
  "Traits": [
    {
      "Name": "Skirmisher",
      "Description": "Can move diagonally."
    },
    {
      "Name": "Extended Dash",
      "Description": "Can dash as 1 action."
    },
    {
      "Name": "Dodge",
      "Description": "Immune to all damage and effects on miss or successful save. Resistant to damage from non-attack spaces of area effects."
    },
    {
      "Name": "Prowl",
      "Description": "Gains stealth at the start of their turn."
    },
    {
      "Name": "Finishing Blow",
      "Description": "Boost damage if character is bloodied."
    }
  ],
  "Actions": [
    {
      "Name": "Strafe Shot",
      "ActionCost": 1,
      "Tags": [ "ranged attack 5" ],
      "Hit": "Deal light damage. Can interrupt movement."
    },
    {
      "Name": "Pepper",
      "ActionCost": 1,
      "Tags": [ "repeatable 2" ],
      "Description": "Deal piercing fray damage to a character in range 5."
    },
    {
      "Name": "Riddle",
      "ActionCost": 2,
      "Tags": [ "ranged attack 5", "recharge 6" ],
      "Hit": "Deal fray damage five times.",
      "Miss": "Deal fray damage two times."
    }
  ]
}