{
  "Name": "Halitoad",
  "Inherits": "Ruin Beast",
  "Type": "Faction",
  "Traits": [
    {
      "Name": "Large",
      "Description": "Increase size to 2."
    },
    {
      "Name": "Stench",
      "Description": "Melee attacks have +1 curse. Characters starting their turns in an adjacent space are poisoned."
    }
  ],
  "Actions": [
    {
      "Name": "Tongue Slash",
      "ActionCost": 1,
      "Description": "A foe in range 5 must physical save or be shoved 4 towards the Halitoad."
    },
    {
      "Name": "Tongue Constrict",
      "ActionCost": 2,
      "Tags": [ "stance", "recharge 4+" ],
      "Description": "Adjacent foe must save or have max speed reduced to 0, be stunned, and take light piercing damage at the start of the beast’s turns. Beast cannot move while in this stance and it ends if beast is stunned, staggered, winded, dazed, or shoved. A character can also repeat the save at the end of their turn to end this effect."
    }
  ]
}