{
  "Name": "Ruffian",
  "Inherits": "Scavenger",
  "Type": "Faction",
  "Traits": [
    {
      "Name": "Corner Fighting",
      "Description": "At the start of their turns, ruffians can dash 1 as a free action."
    },
    {
      "Name": "Greed",
      "Description": "Deal +2 damage against characters with at least one valuables token."
    }
  ],
  "Actions": [
    {
      "Name": "Greed",
      "Tags": [ "1/combat" ],
      "Description": "A foe in range 5 gains a valuables token."
    }
  ]
}