{
  "Name": "Fused",
  "Inherits": "Relict",
  "Type": "Faction",
  "Traits": [
    {
      "Name": "Large",
      "Description": "Increase size to 2."
    },
    {
      "Name": "Tenacious",
      "Description": "+25% hp.",
      "AddHP": 0.25
    },
    {
      "Name": "Deadsoul",
      "Description": "Has evasion and dodge vs magic."
    },
    {
      "Name": "Shambling",
      "Description": "Permanently staggered, slowed, and winded."
    },
    {
      "Name": "Release Passengers",
      "Description": "When defeated, summon 4 Relict Chaff Mobs in its space."
    }
  ]
}