{
  "Name": "Ghoul",
  "Inherits": "Relict",
  "Type": "Faction",
  "Traits": [
    {
      "Name": "Electrostatic Death",
      "Description": "When destroyed, this character explodes in a blast 1 area effect for light damage. If it used sparkfeed, boost this damage to heavy."
    }
  ],
  "Actions": [
    {
      "Name": "Sparkfeed",
      "ActionCount": 2,
      "Tags": [ "1/combat" ],
      "Description": "The relict absorbs an adjacent defeated relict, destroying its ally, gaining vigor 1, and doubling its speed for the rest of combat."
    }
  ]
}