{
  "Name": "Armor Demon",
  "Inherits": "Demon",
  "Type": "Faction",
  "Traits": [
    {
      "Name": "Vigilance",
      "Description": "Foes can’t dash in your engagement and can’t move through your space."
    },
    {
      "Name": "Slow",
      "Description": "Go after all other characters. If multiple characters take slow turns, it takes the same order as regular turns (ally/enemy/ally)."
    },
    {
      "Name": "Improved Armor",
      "Description": "+1 armor.",
      "AddArmor": 1
    },
    {
      "Name": "Heavy Armor",
      "Description": "Immune to pierce when not bloodied. Cannot dash or run.",
      "NoRun": true,
      "NoDash": true
    },
    {
      "Name": "Flank",
      "Description": "If adjacent to 2 or more hostile characters, lose all armor."
    }
  ],
  "Actions": [
    {
      "Name": "Flesh Hook",
      "ActionCost": 1,
      "Tags": [ "recharge 4+" ],
      "Description": "A character in range 4 must pass a save or be shoved towards the demon as much as possible."
    },
    {
      "Name": "Cleave",
      "ActionCost": 1,
      "Tags": [ "repeatable 2" ],
      "Description": "Deal piercing fray damage as an effect to an adjacent character."
    }
  ]
}