{
  "Name": "Color Demon",
  "Inherits": "Demon",
  "Type": "Faction",
  "Traits": [
    {
      "Name": "Distorted Soul",
      "Description": "\n• When not bloodied, gain resistance to all physical damage and gain flying. All magical damage against this demon is godly.\n• When bloodied, gain resistance to all magic damage and gain Absorb Aether. All physical damage against this demon is godly.\n• Absorb Aether (1/round): Gain 1 vigor when a magic ability is used in range 3."
    },
    {
      "Name": "Distort Space",
      "Description": "All Natals in range 3 are intangible (they cannot be devoured while intangible)."
    }
  ]
}