{
  "Name": "Cutter Demon",
  "Inherits": "Demon",
  "Type": "Faction",
  "Traits": [
    {
      "Name": "Void Slip",
      "Description": "The Cutter Demon can spend 1 space of movement when moving out of a void rift to move into to the space of any other void rift."
    }
  ],
  "Actions": [
    {
      "Name": "Void Rift",
      "ActionCost": 1,
      "Tags": [ "recharge 4+" ],
      "Description": "Create a line 3 area of difficult terrain in range 5. This area lasts until the end of combat or until the demon uses this ability again. Demons can use it for cover and ignore its difficult terrain."
    },
    {
      "Name": "Detonate Rifts",
      "ActionCost": 2,
      "Tags": [ "recharge 6" ],
      "Description": "Any foes standing in or adjacent to a void rift must save or take heavy damage, be shoved 1, and become inflicted with frostbite. All rifts then disappear, and the Cutter Demon cannot make any more rifts this combat."
    }
  ]
}