{
  "Name": "Demon",
  "FactionBlight": "Any",
  "Traits": [
    {
      "Name": "Monsters",
      "Description": "Demons do not flee or negotiate."
    },
    {
      "Name": "Legion",
      "Description": "When fighting demons, at the start of combat, place three Natals on the map in unoccupied space somewhere outside of range 2 of players. These don’t count for the total encounter budget."
    },
    {
      "Name": "Banish",
      "Description": "A character can disintegrate an adjacent defeated demon as an action, returning it to the void from which it came."
    }
  ],
  "Actions": [
    {
      "Name": "Devour",
      "ActionCost": 2,
      "Tags": [ "1/combat" ],
      "Description": "The Demon devours and absorbs an adjacent Natal or another defeated Demon, healing 25% hp. A Natal devoured this way is destroyed."
    }
  ]
}