{
  "Name": "Hollow Demon",
  "Inherits": "Demon",
  "Type": "Faction",
  "Traits": [
    {
      "Name": "Ethereal",
      "Description": "ges of the hole. Ethereal: Flying, phasing, and intangible unless there’s a hostile character in range 2. Reduce hp by 50%.",
      "AddHP": -0.5
    },
    {
      "Name": "Void Touch",
      "Description": "Inflicts blight with all attacks, hit or miss."
    },
    {
      "Name": "Pure Void",
      "Description": "When a Hollow is destroyed, create impassable terrain in its space. At the end of each round, summon a Natal in an adjacent space to the void. Destroy the void after combat. It can be targeted and automatically hit by attacks and is also destroyed after taking 10 hp."
    }
  ]
}