{
  "Name": "Starving Demon",
  "Inherits": "Demon",
  "Type": "Faction",
  "Traits": [
    {
      "Name": "Feast",
      "Description": "Devour only costs 1 action for this Demon, and it can dash 1 before using it."
    },
    {
      "Name": "Engorge",
      "Description": "Increase size by 1 and gains +1 action for the rest of combat if it feasted."
    }
  ],
  "Actions": [
    {
      "Name": "Flesh Hook",
      "ActionCost": 1,
      "Tags": [ "recharge 4+" ],
      "Description": "A character in range 4 must pass a save or be shoved towards the demon as much as possible."
    },
    {
      "Name": "Cleave",
      "ActionCost": 1,
      "Tags": [ "repeatable 2" ],
      "Description": "Deal piercing fray damage as an effect to an adjacent character."
    }
  ]
}