{
  "Name": "Incanter",
  "Inherits": "Leader",
  "Type": "Job",
  "Traits": [
    {
      "Name": "Shelter",
      "Description": "Adjacent allies get +1 accuracy on saves."
    },
    {
      "Name": "Purity",
      "Description": "Immune to Blights."
    }
  ],
  "Interrupts": [
    {
      "Name": "Counter Curse",
      "Description": "The Incanter or an ally in range 3 gains evasion against an incoming magic attack."
    }
  ],
  "Actions": [
    {
      "Name": "Autocure",
      "Tags": [ "1/turn" ],
      "Description": "May grant vigor 1 to a bloodied ally in range 3."
    },
    {
      "Name": "Smite",
      "ActionCost": 1,
      "Tags": [ "melee attack" ],
      "Hit": "Deal light damage and character is blighted.",
      "Miss": "Deal fray damage."
    },
    {
      "Name": "Punishment",
      "ActionCost": 1,
      "Description": "A foe in range 4 must save or become staggered. I already staggered, the become slow."
    },
    {
      "Name": "Purge",
      "ActionCost": 1,
      "Tags": [ "recharge 4+" ],
      "Description": "Cleanse ally in range 3."
    },
    {
      "Name": "Incantation of Protection",
      "ActionCost": 1,
      "Tags": [ "stance" ],
      "Description": "Allies in range 3 gain +1 boon on attacks and either magic evasion, sturdy, or true strike (choose one, each one replaces the last each time this stance is chosen). These effects do not apply to the incanter."
    }
  ]
}