{
  "Name": "Zealot",
  "Inherits": "Leader",
  "Type": "Job",
  "AddArmor": 1,
  "Traits": [
    {
      "Name": "Shelter",
      "Description": "Adjacent allies get +1 accuracy on saves."
    },
    {
      "Name": "Improved Armor",
      "Description": "+1 armor.",
      "AddArmor": 1
    }
  ],
  "Actions": [
    {
      "Name": "Autocure",
      "Tags": [ "1/turn" ],
      "Description": "May grant vigor 1 to a bloodied ally in range 3."
    },
    {
      "Name": "Holy",
      "ActionCost": 2,
      "Tags": [ "close blast 1" ],
      "Description": "Attack:",
      "Hit": "Deal heavy damage.",
      "AreaEffect": "Deal fray damage.",
      "Effect": "Characters must save or become staggered or blinded (Zelaot's choice)."
    },
    {
      "Name": "Succor",
      "ActionCost": 2,
      "Tags": [ "recharge 4+" ],
      "Description": "Target defeated ally, return them to life with the summon type and 25% max hp."
    },
    {
      "Name": "Shield of Faith",
      "ActionCost": 2,
      "Tags": [ "mark" ],
      "Description": "Allied character in range 3 becomes marked and resistant to all damage while marked. This mark ends if they are dazed, winded, staggered, or stunned, or the zealot uses this ability again."
    }
  ]
}