{
  "Name": "Knuckle",
  "Inherits": "Heavy",
  "Type": "Job",
  "AddArmor": 1,
  "Run": 1,
  "Dash": 2,
  "Traits": [
    {
      "Name": "Toughness",
      "Description": "Start combat with 1 vigor."
    },
    {
      "Name": "Slow",
      "Description": "Go after all other characters. If multiple characters take slow turns, it takes the same order as regular turns (ally/enemy/ally)."
    },
    {
      "Name": "Vigilance",
      "Description": "Foes can’t dash in your engagement and can’t move through your space."
    },
    {
      "Name": "Improved Armor",
      "Description": "+1 armor.",
      "AddArmor": 1
    },
    {
      "Name": "Poise",
      "Description": "Sturdy when bloody."
    }
  ],
  "Interrupts": [
    {
      "Name": "Guardian",
      "Count": 1,
      "Description": "When an ally you can see in range 3 is targeted by an attack, you can dash up to 2 spaces towards that ally, ignoring vigilance. Then, if you’re adjacent, you can change the target of the attack to you."
    }
  ],
  "Actions": [
    {
      "Name": "Overpower",
      "ActionCost": 1,
      "Tags": [ "melee attack", "multiattack 2", "true strike" ],
      "Hit": "Deal light damage.",
      "Miss": "Deal fray damage."
    },
    {
      "Name": "Shove",
      "ActionCost": 1,
      "Description": "Adjacent foe is shoved 1, and must save or be shoved 1 again.",
      "Collide": "They become dazed."
    },
    {
      "Name": "Fortify",
      "ActionCost": 1,
      "Tags": [ "stance" ],
      "Description": "Count as in cover and grant cover to allied characters, but cannot dash. End if shoved, dazed, staggered, or stunned."
    },
    {
      "Name": "Mark of Vigilance",
      "ActionCost": 1,
      "Tags": [ "mark", "recharge 4+" ],
      "Description": "Mark a foe in range 3. The Knuckle and all allies of the Knuckle gain counter and vigilance agains tthe character. Foe can pass a save at the end of their turn to clear the mark."
    }
  ]
}