{
  "Name": "Imperial Powdermage",
  "Inherits": "Imperial",
  "Type": "Faction",
  "Traits": [
    {
      "Name": "Receive Orders",
      "Description": "When this unit starts its turn in range of a command aura, it recharges all its abilities."
    }
  ],
  "Actions": [
    {
      "Name": "Pistol",
      "Tags": [ "1/round" ],
      "Description": "The powder mage fires a pistol at a character in range 5, dealing piercing fray damage as an effect."
    },
    {
      "Name": "Pistol Flurry",
      "ActionCost": 2,
      "Tags": [ "recharge 6" ],
      "Description": "The powder mage uses Pistol on all visible hostile characters in range 5."
    }
  ]
}