{
  "Name": "Praetorian",
  "Inherits": "Imperial",
  "Type": "Faction",
  "Traits": [
    {
      "Name": "Receive Orders",
      "Description": "When this unit starts its turn in range of a command aura, it recharges all its abilities."
    },
    {
      "Name": "Improved Armor",
      "Description": "+1 armor.",
      "AddArmor": 1
    },
    {
      "Name": "Heavy Armor",
      "Description": "Immune to pierce when not bloodied. Cannot dash or run.",
      "NoRun": true,
      "NoDash": true
    },
    {
      "Name": "Flank",
      "Description": "Loses all armor if 2 or more foes are adjacent."
    }
  ],
  "Actions": [
    {
      "Name": "Flame Hurler",
      "ActionCost": 1,
      "Tags": [ "line 3", "true strike", "recharge 6" ],
      "AreaEffect": "Inflict fray damage and burning."
    }
  ]
}