{
  "Name": "War Beast",
  "Inherits": "Imperial",
  "Type": "Faction",
  "Traits": [
    {
      "Name": "Improved Armor",
      "Description": "+1 armor.",
      "AddArmor": 1
    },
    {
      "Name": "Large",
      "Description": "Increase size to 2."
    },
    {
      "Name": "Frenzy",
      "Tags": [ "1/turn" ],
      "Description": "when hitting with an attack, immediately gain +1 action."
    },
    {
      "Name": "Leashed",
      "Description": "Designate another character the handler. Can only take 1 action maximum, loses all armor, and cannot trigger frenzy unless adjacent to the handler or in a command aura."
    }
  ]
}