{
  "Name": "Arbalest",
  "Inherits": "Artillery",
  "Type": "Job",
  "Dash": 1,
  "Traits": [
    {
      "Name": "Overdrive 3",
      "Description": "Deals boosted damage if the current round is 3 or higher."
    },
    {
      "Name": "Slow",
      "Description": "Go after all other characters. If multiple characters take slow turns, it takes the same order as regular turns (ally/enemy/ally)."
    },
    {
      "Name": "Arrowsense",
      "Description": "Cover from ranged attacks further away than range 2."
    }
  ],
  "Actions": [
    {
      "Name": "Hurried Shot",
      "ActionCost": 1,
      "Tags": [ "ranged attack 4", "+1 curse" ],
      "Hit": "Deal light damage."
    },
    {
      "Name": "Aim",
      "ActionCost": 2,
      "Description": "Boost damage of next ranged attack, and double range."
    },
    {
      "Name": "Heart Seeker",
      "ActionCost": 2,
      "Tags": [ "ranged attack 5", "pierce" ],
      "Description": "Cannot target adjacent characters.",
      "Hit": "Deal heavy physical damage.",
      "Miss": "Deal light damage."
    }
  ]
}