{
  "Name": "Artillery",
  "Health": [ 4, 5, 6 ],
  "Speed": 3,
  "Run": 2,
  "Dash": 1,
  "Defense": 7,
  "Armor": [ 0, 0, 0 ],
  "Attack": [ 2, 4, 6 ],
  "FrayDamage": [ 2, 3, 4 ],
  "LightDamage": 3,
  "HeavyDamage": 7,
  "CriticalDamage": 10,
  "LightDamageDie": "1d6",
  "HeavyDamageDie": "2d6",
  "CriticalDamageDie": "3d6",
  "DamageType": "Magic",
  "Traits": [
    {
      "Name": "Blightboost",
      "Description": "If attacking a blighted character, gain an increased effect."
    }
  ]
}