{
  "Name": "Siegewright",
  "Inherits": "Artillery",
  "Type": "Job",
  "Traits": [
    {
      "Name": "Overdrive 3",
      "Description": "Deals boosted damage if the current round is 3 or higher."
    },
    {
      "Name": "Slow",
      "Description": "Go after all other characters. If multiple characters take slow turns, it takes the same order as regular turns (ally/enemy/ally)."
    },
    {
      "Name": "Aetherwall",
      "Description": "Cover from ranged attacks further away than range 2."
    }
  ],
  "Actions": [
    {
      "Name": "Lob",
      "ActionCost": 1,
      "Tags": [ "ranged attack 8" ],
      "Hit": "Deal light magic damage. Pierce, ignores cover, inflict blight.",
      "Miss": "Deal fray damage.",
      "Blightboost": "Repeat the attack. The new attack does not have Blightboost."
    },
    {
      "Name": "Fell Shot",
      "ActionCost": 1,
      "Tags": [ "repeatable 2" ],
      "Description": "Mark 2 unoccupied spaces in range 8. Foes or allies that pass through these spaces take piercing fray magic damage as an area effect. At the start of the siegewright's turn, any spaces created by this ability disappear."
    },
    {
      "Name": "Entrench",
      "ActionCost": 1,
      "Tags": [ "stance" ],
      "Description": "Aetherwall grants damage immunity to ranged attacks instead of resistance. Ends if the wright moves, is shoved, dazed, staggered, or stunned."
    }
  ]
}