{
  "Name": "Summoner",
  "Inherits": "Artillery",
  "Type": "Job",
  "Dash": 1,
  "Traits": [
    {
      "Name": "Overdrive 3",
      "Description": "Deals boosted damage if the current round is 3 or higher."
    },
    {
      "Name": "Aetherwall",
      "Description": "Cover from ranged attacks further away than range 2."
    }
  ],
  "Actions": [
    {
      "Name": "Bolt",
      "ActionCost": 1,
      "Tags": [ "ranged attack 4", "+1 boon" ],
      "Hit": "Deal light magic damage."
    },
    {
      "Name": "Summon",
      "ActionCost": 1,
      "Tags": [ "repeatable 2" ],
      "Description": "Summon two mobs (of any type, by default the chaff mob) with the summon type in unoccupied space in range 3 of the Summoner. They take a normal turn this round. If overdrive has triggered, summon 4 mobs with this action instead."
    },
    {
      "Name": "Puppetmaster",
      "ActionCost": 1,
      "Tags": [ "stance" ],
      "Description": "An allied summon in range is marked. While marked, it gains vigor 1, regeneration 1, pierce, and boosted damage on all its abilities, and doubles its speed."
    },
    {
      "Name": "Great Summon",
      "ActionCost": 2,
      "Tags": [ "recharge 6" ],
      "Description": "Summon a soldier with the Summon type and 25% max hp. Summon can act as a normal foe of its type on the next round. Becomes 1 action if overdrive has triggered and has no recharge."
    }
  ]
}